{
  "generated_at": "2026-07-21 17:36 UTC",
  "strategies": {
    "draft_thesis_D": {
      "n_cerradas": 1,
      "n_abiertas": 0,
      "win_rate": 0.0,
      "pf": 0.0,
      "expectancy": -0.5394989690721662,
      "sharpe_op": 0.0,
      "max_dd": -0.5394989690721662,
      "pnl_total": -0.5394989690721662
    }
  }
}
